epoch,train_loss,train_pearson,train_spearman,train_alpha,train_mean_pred_var,val_loss,val_pearson,val_spearman,residual_noise_corr,noise_performance_gap
1,-0.2732035843076679,0.43393058460264977,0.39478471255583747,0.0,0.23263966995107252,0.2075131321730821,0.515164395105015,0.46423123850797976,-0.05027272570803735,0.10572580781602897
2,-0.3654672926933752,0.5528798466604387,0.49401466689908263,0.0,0.18935787130547108,0.24490551002647565,0.4632592656719452,0.4446237506943001,-0.06819824256840287,0.05846076091131175
3,-0.42729505778706006,0.6132024185536761,0.5498118287612964,0.0,0.17081697941836665,0.18708327866118887,0.623225352952258,0.5678964217250986,-0.02990237073497196,0.12740916434401167
4,-0.4687332012559061,0.6499546264284168,0.5848543910466285,0.0,0.15803878463931004,0.16185385053572449,0.6660794850752303,0.6103028571184874,-0.012379803620890766,0.1479748823886723
5,-0.5066172664111617,0.6808938120665414,0.6177001722036023,0.0,0.14804817824545552,0.15959366702515146,0.6663667520866696,0.6029788233708571,-0.02957118256343604,0.13225615589659923
6,-0.5360927506018494,0.7019405406445943,0.6376877102691332,0.0,0.1408589576176331,0.1722578801538633,0.6781007329248124,0.6094760601549047,-0.03506227248566691,0.15508938041218068
7,-0.5702095218634201,0.7249642125314557,0.6637684037576493,0.0,0.13212162584571516,0.21495776267155356,0.6521031652793783,0.5690406725195154,-0.06278442903834482,0.09144960456207618
8,-0.6042571495481803,0.7435879411160761,0.6841539590154362,0.0,0.12428981229915458,0.1397596004864444,0.720564758683512,0.66577436120104,0.015562905343728008,0.1612452288280407
9,-0.6158132502588175,0.7506601908941485,0.6923262397591425,0.0,0.12206896188232184,0.1233546785686327,0.7464531112274576,0.6890424707060776,-0.001746532417847063,0.15412734156786856
10,-0.6413697593629697,0.7644805257170526,0.7068182006509,0.0,0.11581905068314008,0.1411998090536698,0.7386509400765103,0.6775216881392697,0.0045699609216939335,0.16493715291851863
11,-0.6556314085162965,0.7740228668099611,0.7185436919916053,0.0071428571428571236,0.11269643919616096,0.12465587873821674,0.7420363724114062,0.6809453027968689,0.0056961813436886555,0.15170605490465738
12,-0.6696620812523837,0.7821952798428258,0.7281229341920753,0.014285714285714247,0.10951405073289817,0.12310009903233984,0.7453707338709035,0.6871021165544682,0.009712825102330047,0.15170517005694162
13,-0.6851517349313208,0.7900717843040024,0.7360945148626421,0.021428571428571377,0.10505770761414436,0.16503614316815915,0.7440838734701607,0.6860582951523242,-0.00472664013335297,0.16572348204967913
14,-0.6998258616964695,0.7995312722779423,0.7455305542866363,0.028571428571428494,0.10166498147330041,0.12132454177607661,0.7626873736173375,0.7087186375442471,0.03074858485326181,0.15074154228039927
15,-0.7197867743039535,0.8096722649054655,0.7567387461790063,0.03571428571428564,0.09672514067194556,0.11862496221842973,0.7648339517282702,0.7106161082031413,0.019643617111614803,0.16210727884773302
16,-0.7372500061315331,0.8178207554334814,0.7666115388691275,0.04285714285714275,0.09303806473811467,0.1179516956858013,0.7699513234566259,0.7133821894237268,0.02629143020976992,0.15021652191803636
17,-0.7564320022103477,0.8269360775721146,0.7773485903111781,0.04999999999999995,0.08928932489480003,0.11639796521352685,0.7687224561899744,0.7167424271708492,0.025055675720498972,0.14818352685989067
18,-0.769819866129234,0.8334037472832923,0.7846628457352439,0.05714285714285699,0.08626142320996624,0.11910331087267917,0.7632261098739075,0.7100088968429304,0.028436487727473956,0.16069136333741407
19,-0.7842708529725586,0.8393642670550923,0.7909578129682086,0.06428571428571436,0.0832515727244528,0.12828970311776453,0.7693431341111705,0.7130206479918704,0.03546334382130691,0.15643454747303698
20,-0.8086444752364509,0.8488497820850055,0.801545210037787,0.07142857142857129,0.07848668864554605,0.12597627289917157,0.7649045764493311,0.7175296053791211,0.009939061698411196,0.16586349093744734
21,-0.8194693256232698,0.8535989762162977,0.8075083186400335,0.07857142857142876,0.07678468357034995,0.12928125553804895,0.7669120801257255,0.7105109784196033,0.020740720236076583,0.16703137245246769
22,-0.8366255143941459,0.8597054752718013,0.814166525751162,0.0857142857142855,0.07310401402035002,0.12861560641423517,0.7604157984074628,0.7055774529743047,0.02074984056041348,0.1613947761249832
23,-0.8477061003614954,0.8646863635973178,0.820340155009299,0.09285714285714304,0.07150025200624924,0.11768385217241618,0.7664062163338675,0.7114116577340276,0.0248369959330281,0.14976474646236282
24,-0.862663674489253,0.8695757669379527,0.8272108957480807,0.0999999999999999,0.06868184174774057,0.1405056455860967,0.7543773175272994,0.7047616924585383,0.023746447523502922,0.15489208930815002
25,-0.8848431558258789,0.8758218489938894,0.8348702440253428,0.10714285714285737,0.06543494733629254,0.11936901185823523,0.7685925630560513,0.716443802787215,0.03045261813748793,0.15959180534108797
26,-0.8954289424217353,0.8802442904466151,0.8392460118305465,0.11428571428571398,0.06343766318707816,0.12855621556872907,0.7560388479784741,0.7047586535548658,0.016373544541946634,0.15502397191355555
27,-0.9096918796415383,0.884283293466459,0.8451930763187818,0.12142857142857118,0.061458818172499284,0.14331041341242584,0.7597423141483548,0.7085250783119736,-0.004439375176877184,0.15986842669165469
28,-0.9225290670233258,0.8882589974291243,0.8493691424226345,0.12857142857142873,0.05955613840181949,0.12273239344358444,0.7640865730055628,0.7117825098530014,0.0285324318638784,0.16270517477786017
29,-0.9338538818440195,0.891414174056496,0.854755732262306,0.13571428571428604,0.05813047266696806,0.13531869617493256,0.7625970985642581,0.7129033376412311,0.029777112559573042,0.16668762075831933
30,-0.950184205494358,0.8953413502714713,0.859716464664178,0.14285714285714257,0.05591972490067536,0.12376812132804291,0.7544862767482217,0.6975194478491763,0.012137858502593628,0.14908795974464328
31,-0.9678128644571466,0.8995843893496936,0.8651219448427782,0.14999999999999958,0.05358031743579665,0.12148942668800769,0.7643566800952353,0.7099813686530151,0.016967804279734836,0.1644350088024411
32,-0.9851931326806882,0.9039526770421941,0.8706938656708478,0.15714285714285753,0.051371461843366675,0.11834835520257121,0.7676728575400095,0.7123606584636124,0.023659358859962842,0.15702822840334552
33,-1.0001875178962103,0.9073186485884827,0.8753526599255206,0.16428571428571453,0.04965125586269265,0.12571827289850815,0.7654725999950852,0.7112421138182401,0.034357641092576906,0.16033896412760906
34,-1.019540739261498,0.9113939615008394,0.8802196456184319,0.171428571428571,0.047620656926416406,0.11937895611576411,0.7644732505479417,0.7058935368477877,0.01602108428299452,0.15855702720365494
35,-1.0321670757175165,0.9138995484272712,0.8845014233621866,0.17857142857142788,0.046197206581716485,0.1271922552715177,0.7718870167563698,0.7177333419660775,0.03909157351025068,0.16889979778607922
36,-1.0531192243435963,0.9182641568921959,0.8898833656864085,0.18571428571428608,0.0440635901512736,0.1240122499673263,0.76370103199385,0.7140360678041752,0.03703987733083976,0.16584499626947935
37,-1.0660652541844857,0.9207636655100503,0.8933623923998862,0.19285714285714303,0.043018516237284504,0.14363864712093188,0.7626121903350443,0.7088847080529209,0.02934625896027221,0.16923356736034922
38,-1.090204264147807,0.9246505404098442,0.8987719086827587,0.1999999999999998,0.04074549496089671,0.11885944397553154,0.7632370441396806,0.7057361332058115,0.03290833895304048,0.1731891224295128
39,-1.1115519118174322,0.9280416199811429,0.9041114663381024,0.20714285714285627,0.039045172590909706,0.11975304069726364,0.7659996751820182,0.7136714879147454,0.03866164262056772,0.1646224081616653
40,-1.129366098824194,0.9311350950434046,0.908254535812975,0.21428571428571475,0.037252172596205425,0.1269788563899372,0.7616660777257757,0.7064642460576693,0.043608433795153154,0.16273213986337753
41,-1.1530662445025255,0.934672868902741,0.9129456658982967,0.22142857142857086,0.03556459835904129,0.11989032671503398,0.765400236196098,0.70912016444856,0.04660753192180767,0.17267287913042229
42,-1.1765519831813662,0.9380029682765357,0.9177164985062101,0.22857142857142795,0.033781355415276215,0.1183595725375673,0.7597236556762612,0.7067684713739093,0.025727862402907,0.16738063781078616
43,-1.1979111439764163,0.9410720203729641,0.9216664745252273,0.2357142857142855,0.03203425119699395,0.12049008063648058,0.7622684736519978,0.7053636978585593,0.034368151075987556,0.17022621456825926
44,-1.2144629174033128,0.9433269570676925,0.9253245458797749,0.24285714285714236,0.030844029460081274,0.12061031130344971,0.7602108925159355,0.7072408734534408,0.033926398150474664,0.17113247908517704
45,-1.24296205461362,0.9463252978170398,0.9293329457465929,0.25,0.02928426331382687,0.1196190899480944,0.767917072791925,0.7152404205828156,0.03627856627856963,0.16167064405608667
46,-1.2641140862373308,0.9486898212055248,0.9328951387580837,0.25714285714285745,0.027989916861225657,0.11906452315009158,0.7708492509142391,0.712996508439155,0.04196228735130686,0.17203772268136686
47,-1.287303418089441,0.9515342250409163,0.9366563739419614,0.2642857142857143,0.026497328475033496,0.11831126588842143,0.7718322450343355,0.7164491011420335,0.02464434656284672,0.16551577021702601
48,-1.3072936999595772,0.9539955873625166,0.9400571377989771,0.2714285714285721,0.0252484967879488,0.12021474248689154,0.7688759401969805,0.715241317060528,0.03360553561762546,0.1677879729024926
49,-1.3247675895690918,0.9557677727127125,0.9425140520948039,0.27857142857142975,0.02422051104364422,0.11463837779086569,0.7716539457570681,0.7134091336837237,0.029775112792941018,0.17099729691697418
50,-1.3579841865658087,0.9586189652416217,0.9466146162341947,0.28571428571428514,0.022844535472281907,0.11875281677297923,0.7692240871371812,0.7141761925066902,0.03491822694074939,0.17034319572006473
51,-1.3824744049438649,0.9607857950092182,0.9488966996140168,0.2928571428571439,0.021488937501937658,0.11772572022417317,0.772670469911457,0.7151078635641441,0.028146416838930065,0.17162121607520398
52,-1.3934890920833005,0.9622008204408379,0.9510485222077314,0.29999999999999916,0.020688351380538806,0.12721413017615027,0.771549291364384,0.7138872934964909,0.02067320446269193,0.1747197981403409
53,-1.3673402417851033,0.9608090270675906,0.9497688620456001,0.307142857142857,0.02177258009501433,0.12173094762408215,0.766342669495764,0.7122933815437243,0.02353443179170578,0.16891570339667483
54,-1.4244869644359006,0.9649537091096526,0.9549880330442797,0.31428571428571506,0.019289699572501547,0.11501622070436893,0.7688758196704232,0.7110867018165763,0.030320663144544065,0.1691307999734697
55,-1.4614415923080875,0.9676321733119349,0.9583470731317159,0.3214285714285709,0.017847835323062992,0.1157507475303567,0.7711182892069316,0.7142695450458686,0.03605294823105015,0.16611602556233518
56,-1.4866742488354614,0.9691462800758561,0.9610189816218295,0.32857142857142907,0.01694244435741066,0.11519581694965778,0.7729459834153364,0.7164042129076682,0.02499723238283818,0.15890189212263162
57,-1.5067980296194217,0.970762977573337,0.9627461509096165,0.3357142857142871,0.016064034927489056,0.11678289038979489,0.7698594451216302,0.7144882592969448,0.02653502463319987,0.16478240826576307
58,-1.5387467906973455,0.9725297368821053,0.9652104276984885,0.342857142857142,0.015054169163570903,0.11781045600124028,0.7709659343676706,0.7147636578301503,0.029263993820733435,0.16859999140750748
59,-1.5514751046390858,0.9734237567164444,0.9664543664620402,0.350000000000001,0.0146163081129392,0.11742387485245,0.7698255511501754,0.7146267486544461,0.028654465363557466,0.1659825682775975
60,-1.5720764007945518,0.9747320418744414,0.9679722884986725,0.35714285714285576,0.013870600384717944,0.12033031200585158,0.7718486292878363,0.717180480659452,0.03184896276633298,0.1683438192065475
61,-1.5872932659030634,0.9756081740183387,0.9693111372576787,0.36428571428571394,0.01334186940122459,0.11548934779737306,0.7734348833635994,0.7168838271778891,0.0380843164193543,0.16971231147949706
62,-1.6115458840030734,0.976958554172184,0.9708277050589322,0.37142857142857216,0.012666329557318135,0.11556475933479227,0.7737465613527978,0.7183142501769048,0.03019189367770174,0.16914346986685014
63,-1.6297715154744812,0.9779250692771235,0.9720964231708062,0.3785714285714279,0.012111930460748026,0.11553407201300496,0.7736337258871996,0.7160518164086206,0.03677415831273633,0.17171482111703917
64,-1.6417617946021301,0.9784333756792059,0.9727706571468816,0.38571428571428606,0.011845539071423522,0.1158839616438617,0.7728561507385554,0.7166477962844136,0.030770658093275772,0.16676613108669625
65,-1.6598489116140678,0.979442921979127,0.9741062268571136,0.3928571428571438,0.011255141442357484,0.11629635743472887,0.7742274148823812,0.7195906985212415,0.03152510531612098,0.16477575336924388
