epoch,batch,global_step,loss,lr,batch_range,batch_std,batch_mean_pairwise_diff,tier1_fraction,tier2_fraction,tier3_fraction
1,0,1,6077.287109375,0.00020000065662354165,3.4140000343322754,0.6772542595863342,0.7759799957275391,0.33984375,0.3291015625,0.3310546875
1,50,2,6007.3955078125,0.0002017076753620733,4.367000102996826,0.6767832040786743,0.772857666015625,0.3388671875,0.330078125,0.3310546875
1,100,3,5955.78271484375,0.00020669510193741664,3.6429998874664307,0.6790111660957336,0.7760446667671204,0.33984375,0.328125,0.33203125
1,150,4,5895.8623046875,0.0002149561144984321,3.4539999961853027,0.6849680542945862,0.7837133407592773,0.33984375,0.3291015625,0.3310546875
2,0,5,5915.29248046875,0.000220774421292343,4.312999725341797,0.6927550435066223,0.7908797264099121,0.33984375,0.330078125,0.330078125
2,50,6,5887.32177734375,0.0002340530850332258,4.000999927520752,0.6835390329360962,0.7812588810920715,0.3388671875,0.330078125,0.3310546875
2,100,7,5848.05615234375,0.0002505679142413451,3.38100004196167,0.6804655194282532,0.7804875373840332,0.33984375,0.330078125,0.330078125
2,150,8,5841.0205078125,0.0002702963197708354,3.8380000591278076,0.6888453960418701,0.7871626615524292,0.3388671875,0.330078125,0.3310546875
3,0,9,5866.654296875,0.000282276540925247,4.328999996185303,0.6808815598487854,0.775861382484436,0.33984375,0.330078125,0.330078125
3,50,10,5779.8369140625,0.00030689954119671094,3.681999921798706,0.6951873302459717,0.7960739731788635,0.33984375,0.330078125,0.330078125
3,100,11,5775.44091796875,0.00033465906683598657,3.7300000190734863,0.6748521327972412,0.7728180289268494,0.33984375,0.3291015625,0.3310546875
3,150,12,5776.6455078125,0.00036551714809079667,3.382999897003174,0.6928591132164001,0.7937699556350708,0.33984375,0.3291015625,0.3310546875
4,0,13,5817.82373046875,0.0003834542022951798,3.2709999084472656,0.6788530349731445,0.7772390246391296,0.337890625,0.33203125,0.330078125
4,50,14,5737.3818359375,0.0004190000345941176,4.439000129699707,0.692480206489563,0.7860790491104126,0.33984375,0.3291015625,0.3310546875
4,100,15,5750.6318359375,0.000457529060103116,3.9489998817443848,0.6680266857147217,0.7617999315261841,0.33984375,0.330078125,0.330078125
4,150,16,5767.435546875,0.0004989885784420249,3.7899999618530273,0.6895177364349365,0.7859055995941162,0.33984375,0.330078125,0.330078125
5,0,17,5784.78173828125,0.0005225754133860892,3.2990000247955322,0.6579779982566833,0.7544230222702026,0.33984375,0.3291015625,0.3310546875
5,50,18,5753.7314453125,0.0005684355926288149,3.2039999961853027,0.6724362373352051,0.7709400057792664,0.33984375,0.330078125,0.330078125
5,100,19,5695.03759765625,0.0006170745656551273,4.190999984741211,0.684981107711792,0.7813975811004639,0.3388671875,0.3310546875,0.330078125
5,150,20,5720.10107421875,0.0006684258035991953,3.7049999237060547,0.6670240163803101,0.7618407011032104,0.3369140625,0.3330078125,0.330078125
6,0,21,5672.90966796875,0.0006972586521939005,3.879000186920166,0.7010491490364075,0.7952619791030884,0.3388671875,0.3310546875,0.330078125
6,50,22,5720.38671875,0.000752648128961129,4.117000102996826,0.6671066284179688,0.7627771496772766,0.33984375,0.330078125,0.330078125
6,100,23,5687.1298828125,0.0008105644317924054,3.072000026702881,0.6815949082374573,0.7823254466056824,0.33984375,0.3291015625,0.3310546875
6,150,24,5667.5625,0.0008709283421989194,4.810999870300293,0.676112949848175,0.7707120180130005,0.33984375,0.330078125,0.330078125
7,0,25,5661.01416015625,0.0009045136343924405,3.48799991607666,0.6867787837982178,0.7827271819114685,0.33984375,0.330078125,0.330078125
7,50,26,5636.6513671875,0.0009684842336598089,3.614000082015991,0.6913796663284302,0.7900470495223999,0.3388671875,0.3310546875,0.330078125
7,100,27,5690.3232421875,0.0010346864362437555,4.017000198364258,0.6742519736289978,0.7674864530563354,0.33984375,0.330078125,0.330078125
7,150,28,5635.900390625,0.0011030296901202667,3.6700000762939453,0.6938072443008423,0.7945202589035034,0.33984375,0.3291015625,0.3310546875
8,0,29,5697.7568359375,0.001140792501990181,3.736999988555908,0.6745333075523376,0.7699741125106812,0.33984375,0.330078125,0.330078125
8,50,30,5616.865234375,0.001212249154295786,3.443000078201294,0.6823365092277527,0.7787297368049622,0.3388671875,0.3310546875,0.330078125
8,100,31,5591.556640625,0.0012856039858612843,3.6549999713897705,0.6696117520332336,0.7631073594093323,0.337890625,0.33203125,0.330078125
8,150,32,5573.09130859375,0.0013607566612263726,3.749000072479248,0.6708770394325256,0.7667117118835449,0.337890625,0.33203125,0.330078125
9,0,33,5613.9287109375,0.001402050556713805,3.5429999828338623,0.6773741245269775,0.7712126970291138,0.337890625,0.33203125,0.330078125
9,50,34,5628.54931640625,0.00147977004391234,4.206999778747559,0.6750282049179077,0.7668811678886414,0.33984375,0.330078125,0.330078125
9,100,35,5576.7841796875,0.0015590217926659939,3.4179999828338623,0.6959840059280396,0.7952940464019775,0.3388671875,0.3310546875,0.330078125
9,150,36,5604.32080078125,0.0016396974016531186,3.811000108718872,0.6761228442192078,0.772441029548645,0.3369140625,0.3330078125,0.330078125
10,0,37,5594.55078125,0.0016838154984648076,3.940000057220459,0.6899837851524353,0.783629298210144,0.33984375,0.330078125,0.330078125
10,50,38,5572.6962890625,0.0017664673931724315,3.3990001678466797,0.6589345335960388,0.7540391683578491,0.33984375,0.330078125,0.330078125
10,100,39,5548.681640625,0.001850259401980235,3.6570000648498535,0.6718810796737671,0.7656741142272949,0.33984375,0.330078125,0.330078125
10,150,40,5562.638671875,0.0019350769133541995,4.156000137329102,0.6714420318603516,0.7645938396453857,0.33984375,0.328125,0.33203125
11,0,41,5568.701171875,0.0019812639836028164,3.369999885559082,0.6712606549263,0.7680216431617737,0.33984375,0.330078125,0.330078125
11,50,42,5537.55908203125,0.002067433423884521,3.7279999256134033,0.6720231175422668,0.7650837302207947,0.3369140625,0.33203125,0.3310546875
11,100,43,5537.59716796875,0.0021543313139685974,4.013000011444092,0.6858351826667786,0.7836825847625732,0.33984375,0.3291015625,0.3310546875
11,150,44,5525.95458984375,0.0022418387940660606,3.998000144958496,0.6870850324630737,0.7819226980209351,0.33984375,0.330078125,0.330078125
12,0,45,5582.072265625,0.002289304192506079,3.435999870300293,0.6589358448982239,0.7540997862815857,0.33984375,0.330078125,0.330078125
12,50,46,5491.3203125,0.002377516101941093,3.875999927520752,0.6760920882225037,0.772081196308136,0.3388671875,0.330078125,0.3310546875
12,100,47,5526.115234375,0.0024660323270407395,4.154999732971191,0.6737959980964661,0.7682430148124695,0.3388671875,0.330078125,0.3310546875
12,150,48,5481.9130859375,0.0025547317944414768,3.7109999656677246,0.6658535599708557,0.7579039931297302,0.337890625,0.33203125,0.330078125
13,0,49,5402.7890625,0.0026026629929908696,4.125,0.6799260377883911,0.7749101519584656,0.33984375,0.3291015625,0.3310546875
13,50,50,5506.1181640625,0.002691407331509145,3.736999988555908,0.6851943135261536,0.7824368476867676,0.33984375,0.328125,0.33203125
13,100,51,5486.548828125,0.0027800266421800866,3.3320000171661377,0.6524206399917603,0.7459198236465454,0.33984375,0.3291015625,0.3310546875
13,150,52,5487.49658203125,0.002868399710638695,4.484999656677246,0.6520271897315979,0.7408643960952759,0.33984375,0.330078125,0.330078125
14,0,53,5479.974609375,0.002915976207498118,3.2220001220703125,0.6542757153511047,0.7468870282173157,0.33984375,0.328125,0.33203125
14,50,54,5441.4130859375,0.00300373382073591,3.488999843597412,0.6690254211425781,0.7606112957000732,0.33984375,0.330078125,0.330078125
14,100,55,5458.09521484375,0.003090939202881636,4.004000186920166,0.663436770439148,0.7533073425292969,0.3388671875,0.3310546875,0.330078125
14,150,56,5503.41015625,0.0031774730735556417,4.206999778747559,0.6612341403961182,0.7535372376441956,0.3388671875,0.3310546875,0.330078125
15,0,57,5490.9892578125,0.0032238804388243,3.421999931335449,0.6504119634628296,0.744546115398407,0.3369140625,0.3330078125,0.330078125
15,50,58,5414.7080078125,0.0033091490635011787,4.078999996185303,0.666520357131958,0.7616583704948425,0.337890625,0.330078125,0.33203125
15,100,59,5443.4443359375,0.003393447707112163,3.578000068664551,0.6420307755470276,0.7339057922363281,0.33984375,0.3291015625,0.3310546875
15,150,60,5396.748046875,0.0034766610651431667,3.7810001373291016,0.6633564233779907,0.7570800185203552,0.3388671875,0.3310546875,0.330078125
16,0,61,5463.9208984375,0.003521104882493945,4.058000087738037,0.6704084873199463,0.7638257741928101,0.33984375,0.330078125,0.330078125
16,50,62,5437.87744140625,0.003602424862642768,3.427000045776367,0.6638875603675842,0.7581890821456909,0.337890625,0.33203125,0.330078125
16,100,63,5400.0166015625,0.0036823737162022894,3.322000026702881,0.653719425201416,0.7462182641029358,0.3388671875,0.3291015625,0.33203125
16,150,64,5370.0087890625,0.0037608420883440486,4.180000305175781,0.6772733330726624,0.772493839263916,0.33984375,0.3291015625,0.3310546875
17,0,65,5389.13916015625,0.003802561554099809,3.5329999923706055,0.663504958152771,0.7574371099472046,0.33984375,0.330078125,0.330078125
17,50,66,5453.04296875,0.0038785408279308833,3.4839999675750732,0.6660899519920349,0.7610079050064087,0.33984375,0.330078125,0.330078125
17,100,67,5405.580078125,0.00395277130103882,3.2199997901916504,0.6356961727142334,0.7272461652755737,0.3388671875,0.3310546875,0.330078125
17,150,68,5432.0078125,0.004025151440252195,3.447999954223633,0.6501070857048035,0.7411887645721436,0.33984375,0.330078125,0.330078125
18,0,69,5410.638671875,0.004063432387069825,3.371999979019165,0.6488015651702881,0.7422659397125244,0.3388671875,0.3310546875,0.330078125
18,50,70,5445.529296875,0.00413277031673603,4.521999835968018,0.6505971550941467,0.7374491691589355,0.33984375,0.3291015625,0.3310546875
18,100,71,5340.58203125,0.004200011708083117,3.5290000438690186,0.6634142398834229,0.7568210959434509,0.3388671875,0.330078125,0.3310546875
18,150,72,5335.5830078125,0.004265064587674458,3.827000141143799,0.6640761494636536,0.7589154839515686,0.33984375,0.330078125,0.330078125
19,0,73,5357.5341796875,0.00429925170989303,3.693999767303467,0.6585215330123901,0.7492129802703857,0.3388671875,0.3310546875,0.330078125
19,50,74,5325.94580078125,0.004360761346230238,3.677000045776367,0.6814352869987488,0.7767372727394104,0.33984375,0.330078125,0.330078125
19,100,75,5331.224609375,0.004419862595875136,5.019999980926514,0.6755756139755249,0.7646706700325012,0.337890625,0.3310546875,0.3310546875
19,150,76,5343.27197265625,0.0044764746195570014,3.25600004196167,0.6627274751663208,0.7563598155975342,0.3388671875,0.3310546875,0.330078125
20,0,77,5334.3798828125,0.004505982690932574,3.566999912261963,0.6610555648803711,0.7536288499832153,0.337890625,0.3291015625,0.3330078125
20,50,78,5393.7939453125,0.004558611092040328,3.634000062942505,0.6375882625579834,0.7277361154556274,0.3388671875,0.3310546875,0.330078125
20,100,79,5323.7099609375,0.004608560485626944,3.99399995803833,0.6690549254417419,0.7618006467819214,0.3388671875,0.330078125,0.3310546875
20,150,80,5320.59375,0.0046557625504204565,3.3359999656677246,0.6429147124290466,0.7317021489143372,0.3388671875,0.330078125,0.3310546875
21,0,81,5328.3671875,0.004680086442218684,3.5910000801086426,0.6665917634963989,0.7615077495574951,0.33984375,0.330078125,0.330078125
21,50,82,5343.6376953125,0.004722932698061094,3.6100001335144043,0.6436834931373596,0.7326074242591858,0.337890625,0.33203125,0.330078125
21,100,83,5303.94189453125,0.004762875185673001,4.7779998779296875,0.6625986695289612,0.7516382932662964,0.33984375,0.330078125,0.330078125
21,150,84,5282.01171875,0.004799859271326883,3.4250001907348633,0.6580038070678711,0.7507086992263794,0.33984375,0.330078125,0.330078125
22,0,85,5364.478515625,0.004818582599280493,3.3509998321533203,0.6253434419631958,0.7122199535369873,0.33984375,0.3291015625,0.3310546875
22,50,86,5309.7265625,0.00485091325375636,3.072999954223633,0.6387190818786621,0.727745771408081,0.33984375,0.328125,0.33203125
22,100,87,5313.98046875,0.004880165086938529,3.431999921798706,0.6639396548271179,0.7567801475524902,0.33984375,0.330078125,0.330078125
22,150,88,5276.22705078125,0.004906298087881786,3.5889997482299805,0.6669793128967285,0.7608124017715454,0.337890625,0.3310546875,0.3310546875
23,0,89,5300.7021484375,0.004919100339991485,4.050000190734863,0.6444556713104248,0.7331929206848145,0.33984375,0.330078125,0.330078125
23,50,90,5331.87548828125,0.004940361946473677,3.3919999599456787,0.6417872905731201,0.7301731109619141,0.33984375,0.330078125,0.330078125
23,100,91,5343.603515625,0.004958422382860249,3.6589999198913574,0.6399278044700623,0.7307051420211792,0.33984375,0.3291015625,0.3310546875
23,150,92,5297.1142578125,0.004973256945908627,3.8529999256134033,0.6499795317649841,0.7385727167129517,0.33984375,0.330078125,0.330078125
24,0,93,5323.96484375,0.004979918969071435,4.158999919891357,0.6589033603668213,0.7460453510284424,0.3388671875,0.3310546875,0.330078125
24,50,94,5290.37255859375,0.004989747564485724,3.8310000896453857,0.6486830115318298,0.7375629544258118,0.3388671875,0.330078125,0.3310546875
24,100,95,5280.72998046875,0.004996307439670203,3.74399995803833,0.6549756526947021,0.7439266443252563,0.3388671875,0.3310546875,0.330078125
24,150,96,5299.9775390625,0.004999589621963059,3.8569998741149902,0.650947093963623,0.7397139072418213,0.33984375,0.330078125,0.330078125
25,0,97,5285.07666015625,0.004999999497720549,3.2890000343322754,0.6453108787536621,0.7352628707885742,0.33984375,0.330078125,0.330078125
25,50,98,5276.63671875,0.004999660466765292,3.4549999237060547,0.6520838737487793,0.7391054630279541,0.3388671875,0.330078125,0.3310546875
25,100,99,5320.73291015625,0.00499869368488333,3.319999933242798,0.6221897006034851,0.7069578170776367,0.3388671875,0.330078125,0.3310546875
25,150,100,5284.685546875,0.004997099394867898,4.951000213623047,0.6463373899459839,0.733203113079071,0.33984375,0.330078125,0.330078125
26,0,101,5235.33837890625,0.004995977694952612,3.508000135421753,0.658029317855835,0.747498631477356,0.33984375,0.330078125,0.330078125
26,50,102,5282.953125,0.004993417880928568,3.486999988555908,0.6418389081954956,0.7308386564254761,0.33984375,0.330078125,0.330078125
26,100,103,5177.42236328125,0.004990231883712628,3.7319998741149902,0.6467224359512329,0.7363923192024231,0.33984375,0.330078125,0.330078125
26,150,104,5272.77587890625,0.004986420503421739,3.5269999504089355,0.6456305980682373,0.7341994643211365,0.3388671875,0.3291015625,0.33203125
27,0,105,5285.7470703125,0.004984102654397246,4.090000152587891,0.6245978474617004,0.7077103853225708,0.3388671875,0.330078125,0.3310546875
27,50,106,5279.3544921875,0.004979330111426376,3.046999931335449,0.619111955165863,0.7056546211242676,0.33984375,0.330078125,0.330078125
27,100,107,5262.21875,0.004973934923202403,3.3439998626708984,0.6427424550056458,0.7313776612281799,0.33984375,0.3291015625,0.3310546875
27,150,108,5217.51171875,0.004967918444648528,3.878999948501587,0.6557199954986572,0.7472744584083557,0.3388671875,0.3310546875,0.330078125
28,0,109,5210.62744140625,0.0049644117393253815,3.3310000896453857,0.6508505344390869,0.7418701648712158,0.33984375,0.330078125,0.330078125
28,50,110,5266.6533203125,0.004957441483593541,3.4029998779296875,0.6259781122207642,0.7127633094787598,0.33984375,0.328125,0.33203125
28,100,111,5234.11376953125,0.004949854079619716,3.5279998779296875,0.6416647434234619,0.7292120456695557,0.3388671875,0.3310546875,0.330078125
28,150,112,5282.7177734375,0.0049416514328702674,3.5310001373291016,0.6502275466918945,0.7390378713607788,0.337890625,0.330078125,0.33203125
29,0,113,5203.8515625,0.0049369669046407695,3.614000082015991,0.6430420279502869,0.7320170998573303,0.3388671875,0.3310546875,0.330078125
29,50,114,5247.49267578125,0.004927820867151238,3.74399995803833,0.6485996246337891,0.7376958131790161,0.33984375,0.330078125,0.330078125
29,100,115,5243.255859375,0.0049180651202075315,4.020999908447266,0.6396511197090149,0.7253677845001221,0.3388671875,0.330078125,0.3310546875
29,150,116,5220.6806640625,0.00490770211382387,3.3969998359680176,0.6197806000709534,0.7072110772132874,0.33984375,0.328125,0.33203125
30,0,117,5178.953125,0.0049018545019469395,3.615000009536743,0.638388454914093,0.7253247499465942,0.33984375,0.3291015625,0.3310546875
30,50,118,5205.4814453125,0.004890561459517366,3.5739998817443848,0.6464656591415405,0.7333885431289673,0.33984375,0.330078125,0.330078125
30,100,119,5178.931640625,0.004878668064792943,4.515999794006348,0.6431486010551453,0.7285922169685364,0.33984375,0.330078125,0.330078125
30,150,120,5180.08203125,0.0048661773046270946,3.0799999237060547,0.608417809009552,0.6936590075492859,0.33984375,0.330078125,0.330078125
31,0,121,5227.005859375,0.004859185007853103,3.446000099182129,0.6401554346084595,0.7286035418510437,0.33984375,0.330078125,0.330078125
31,50,122,5214.8779296875,0.004845780492572996,4.041999816894531,0.6170393824577332,0.6986008286476135,0.33984375,0.330078125,0.330078125
31,100,123,5236.62890625,0.00483178687108779,3.201000213623047,0.6205270290374756,0.7037481665611267,0.337890625,0.3310546875,0.3310546875
31,150,124,5217.7841796875,0.004817207657692373,3.5320000648498535,0.6379179954528809,0.724562406539917,0.33984375,0.3291015625,0.3310546875
32,0,125,5329.26904296875,0.004809092676373874,3.4619998931884766,0.6221961379051208,0.7076011896133423,0.3388671875,0.330078125,0.3310546875
32,50,126,5234.546875,0.0047936188638074955,4.300999641418457,0.628195583820343,0.709998369216919,0.33984375,0.328125,0.33203125
32,100,127,5152.0341796875,0.0047775690446718415,3.249000072479248,0.6254326105117798,0.7123808264732361,0.33984375,0.330078125,0.330078125
32,150,128,5247.77734375,0.004760947249645987,3.3499999046325684,0.618118941783905,0.7026877403259277,0.3388671875,0.3310546875,0.330078125
33,0,129,5237.59912109375,0.004751735116516461,3.249000072479248,0.613140344619751,0.6955048441886902,0.3388671875,0.330078125,0.3310546875
33,50,130,5185.5048828125,0.004734240693002906,3.69599986076355,0.6411619186401367,0.7275280952453613,0.33984375,0.3291015625,0.3310546875
33,100,131,5201.94970703125,0.004716185174885665,3.2360000610351562,0.6157603859901428,0.6995084881782532,0.33984375,0.330078125,0.330078125
33,150,132,5156.54296875,0.004697573096545996,4.052000045776367,0.6471959352493286,0.7319704294204712,0.33984375,0.3291015625,0.3310546875
34,0,133,5192.7685546875,0.004687292796384431,3.452000141143799,0.6452204585075378,0.7269193530082703,0.33984375,0.3291015625,0.3310546875
34,50,134,5155.529296875,0.004667832805852386,3.560999870300293,0.6198776364326477,0.7037475109100342,0.337890625,0.3310546875,0.3310546875
34,100,135,5165.638671875,0.004647828398093453,3.5999999046325684,0.6516998410224915,0.7387921810150146,0.3388671875,0.3310546875,0.330078125
34,150,136,5175.1953125,0.004627284596924233,3.4190001487731934,0.6222031712532043,0.7024490833282471,0.33984375,0.3291015625,0.3310546875
35,0,137,5182.9970703125,0.00461596847535828,3.635999917984009,0.6270601153373718,0.7114388942718506,0.33984375,0.3291015625,0.3310546875
35,50,138,5180.2119140625,0.004594604146137462,3.7160000801086426,0.6335361003875732,0.7189542055130005,0.33984375,0.330078125,0.330078125
35,100,139,5141.9521484375,0.004572713790004565,3.748000144958496,0.6251872181892395,0.7073549628257751,0.33984375,0.3291015625,0.3310546875
35,150,140,5151.5947265625,0.0045503029044047455,3.993000030517578,0.6323186159133911,0.7146194577217102,0.33984375,0.330078125,0.330078125
36,0,141,5223.67333984375,0.004537986566139415,3.302000045776367,0.6122234463691711,0.6939416527748108,0.33984375,0.3291015625,0.3310546875
36,50,142,5129.60107421875,0.004514785118313593,3.738999843597412,0.6264415979385376,0.7096425890922546,0.33984375,0.330078125,0.330078125
36,100,143,5152.95556640625,0.004491077688965777,3.2290000915527344,0.6280147433280945,0.7103023529052734,0.33984375,0.330078125,0.330078125
36,150,144,5178.306640625,0.004466870231872685,3.4629998207092285,0.6108413338661194,0.6917058229446411,0.33984375,0.330078125,0.330078125
37,0,145,5167.42626953125,0.004453592428664764,4.13100004196167,0.6385634541511536,0.7182160019874573,0.33984375,0.330078125,0.330078125
37,50,146,5137.8525390625,0.004428626862572507,3.572999954223633,0.6214900016784668,0.7054048776626587,0.33984375,0.3291015625,0.3310546875
37,100,147,5196.57763671875,0.004403176952353406,3.3929998874664307,0.6207963228225708,0.7029770612716675,0.3388671875,0.330078125,0.3310546875
37,150,148,5235.1982421875,0.004377249089382952,3.7249999046325684,0.6115731596946716,0.6869255304336548,0.3388671875,0.330078125,0.3310546875
38,0,149,5135.45068359375,0.004363051598113649,3.626999855041504,0.5979450941085815,0.6781258583068848,0.33984375,0.330078125,0.330078125
38,50,150,5162.0078125,0.004336400464662252,3.622999906539917,0.6089692115783691,0.6868305206298828,0.33984375,0.328125,0.33203125
38,100,151,5076.9833984375,0.0043092881484049755,4.591000080108643,0.6264635324478149,0.7044039964675903,0.3369140625,0.3330078125,0.330078125
38,150,152,5082.19970703125,0.00428172145820645,3.2239999771118164,0.6092767119407654,0.690258264541626,0.33984375,0.330078125,0.330078125
39,0,153,5052.1650390625,0.004266648949435862,3.7089998722076416,0.6391122341156006,0.7216384410858154,0.3388671875,0.3310546875,0.330078125
39,50,154,5115.41015625,0.004238396102951134,3.3369998931884766,0.6046779751777649,0.685111403465271,0.3388671875,0.3310546875,0.330078125
39,100,155,5083.841796875,0.004209706686033217,3.7719998359680176,0.6246709823608398,0.7060105800628662,0.337890625,0.33203125,0.330078125
39,150,156,5083.43408203125,0.004180587903612679,3.611999988555908,0.6124814748764038,0.6905727386474609,0.3388671875,0.330078125,0.3310546875
40,0,157,5123.68212890625,0.00416468780102969,3.430999994277954,0.6146551370620728,0.6951882243156433,0.337890625,0.330078125,0.33203125
40,50,158,5096.6767578125,0.004134922135419218,4.310999870300293,0.6338182091712952,0.7150129079818726,0.33984375,0.328125,0.33203125
40,100,159,5101.0625,0.004104745885360347,3.505000114440918,0.616497278213501,0.6974718570709229,0.337890625,0.33203125,0.330078125
40,150,160,5079.91796875,0.004074166629180202,4.071000099182129,0.6456185579299927,0.7262570858001709,0.3388671875,0.328125,0.3330078125
41,0,161,5072.0224609375,0.004057488960390009,3.2309999465942383,0.6208338141441345,0.7042844295501709,0.33984375,0.330078125,0.330078125
41,50,162,5073.564453125,0.004026304129450041,3.180999994277954,0.6215354800224304,0.7033042311668396,0.33984375,0.3291015625,0.3310546875
41,100,163,5100.88671875,0.003994735991897036,3.236999988555908,0.5965014696121216,0.6748676300048828,0.337890625,0.33203125,0.330078125
41,150,164,5109.62890625,0.003962792475610463,3.620999813079834,0.6087425947189331,0.6871392726898193,0.33984375,0.330078125,0.330078125
42,0,165,5079.25537109375,0.003945389714729225,3.8310000896453857,0.6243433356285095,0.7002636194229126,0.3388671875,0.3291015625,0.33203125
42,50,166,5108.572265625,0.0039128838374751715,4.010000228881836,0.6213086843490601,0.6987345218658447,0.33984375,0.330078125,0.330078125
42,100,167,5099.44140625,0.0038800231374678633,3.740999937057495,0.6075040698051453,0.6826400756835938,0.33984375,0.330078125,0.330078125
42,150,168,5081.9912109375,0.0038468158671950614,4.124000072479248,0.6150642037391663,0.6927887201309204,0.33984375,0.330078125,0.330078125
43,0,169,5167.31005859375,0.00382874276974691,3.611999988555908,0.5826802253723145,0.6554151177406311,0.3388671875,0.3310546875,0.330078125
43,50,170,5099.29931640625,0.0037950181216946303,3.702000141143799,0.6023130416870117,0.6760900020599365,0.33984375,0.328125,0.33203125
43,100,171,5087.4384765625,0.0037609682511525293,3.621999979019165,0.6152065396308899,0.6960589289665222,0.33984375,0.3291015625,0.3310546875
43,150,172,5067.498046875,0.0037266017092512835,3.679999828338623,0.6276314854621887,0.7077459096908569,0.33984375,0.3291015625,0.3310546875
44,0,173,5075.2470703125,0.0037079151398871943,3.1389999389648438,0.6060977578163147,0.6850368976593018,0.33984375,0.330078125,0.330078125
44,50,174,5055.787109375,0.0036730778312563783,3.240999937057495,0.6076166033744812,0.6845260858535767,0.33984375,0.330078125,0.330078125
44,100,175,5045.3505859375,0.0036379459236694487,3.615999937057495,0.600250780582428,0.6816529035568237,0.33984375,0.3291015625,0.3310546875
44,150,176,5004.9423828125,0.003602528239994977,3.50600004196167,0.6075341701507568,0.6856955289840698,0.33984375,0.3291015625,0.3310546875
45,0,177,5126.9970703125,0.0035832869935755332,3.374000072479248,0.5946950912475586,0.6714258790016174,0.33984375,0.330078125,0.330078125
45,50,178,5034.70068359375,0.0035474466354276967,3.4079999923706055,0.611046314239502,0.6889638900756836,0.337890625,0.3310546875,0.3310546875
45,100,179,4976.646484375,0.0035113432287747597,3.3899998664855957,0.616019070148468,0.6930356025695801,0.33984375,0.3291015625,0.3310546875
45,150,180,5010.30126953125,0.0034749858404631833,3.3929998874664307,0.6091462969779968,0.6902846097946167,0.33984375,0.330078125,0.330078125
46,0,181,5008.80078125,0.003455250457068196,3.3949999809265137,0.6101198196411133,0.6855635643005371,0.3388671875,0.3310546875,0.330078125
46,50,182,5005.27734375,0.003418519816429727,3.572000026702881,0.6180078387260437,0.6937772631645203,0.3388671875,0.3310546875,0.330078125
46,100,183,4985.08056640625,0.003381558505385088,3.4010000228881836,0.6111034154891968,0.692097008228302,0.33984375,0.330078125,0.330078125
46,150,184,5044.18408203125,0.0033443758062309727,3.767000198364258,0.6082624197006226,0.6863917708396912,0.33984375,0.330078125,0.330078125
47,0,185,5008.8173828125,0.0033242083806779917,3.6469998359680176,0.6029972434043884,0.6802606582641602,0.3388671875,0.3291015625,0.33203125
47,50,186,4962.650390625,0.0032867030257333675,3.511000156402588,0.6033628582954407,0.6824778914451599,0.33984375,0.3291015625,0.3310546875
47,100,187,5033.181640625,0.003249000104255941,3.184999942779541,0.563683032989502,0.6387038230895996,0.337890625,0.3291015625,0.3330078125
47,150,188,5000.4814453125,0.0032111090847870994,4.2170000076293945,0.6000829339027405,0.674580454826355,0.33984375,0.3291015625,0.3310546875
48,0,189,4981.21923828125,0.0031905730712581425,3.427999973297119,0.5921058058738708,0.6684623956680298,0.3388671875,0.330078125,0.3310546875
48,50,190,4986.2998046875,0.0031524110077296636,3.7309999465942383,0.5919519662857056,0.6633825898170471,0.33984375,0.330078125,0.330078125
48,100,191,4920.0927734375,0.0031140851031591543,3.9780001640319824,0.6159927248954773,0.6917174458503723,0.33984375,0.330078125,0.330078125
48,150,192,5014.76953125,0.003075604982541162,3.1059999465942383,0.5866963267326355,0.663078784942627,0.33984375,0.3291015625,0.3310546875
49,0,193,5014.259765625,0.0030547649949323854,3.578000068664551,0.5841595530509949,0.6536366939544678,0.33984375,0.330078125,0.330078125
49,50,194,4973.29931640625,0.0030160662947905158,3.57099986076355,0.603768527507782,0.6819033026695251,0.33984375,0.330078125,0.330078125
49,100,195,5013.30615234375,0.0029772379946019227,3.2060000896453857,0.5668209791183472,0.6386619806289673,0.3388671875,0.3310546875,0.330078125
49,150,196,4931.732421875,0.002938289845530517,3.1540000438690186,0.6026071310043335,0.6783587336540222,0.33984375,0.3291015625,0.3310546875
50,0,197,4945.958984375,0.0029172114541529902,3.572999954223633,0.585930585861206,0.6523737907409668,0.33984375,0.3291015625,0.3310546875
50,50,198,5018.76708984375,0.002878097877825517,3.9639999866485596,0.5924233794212341,0.6636914014816284,0.3388671875,0.3310546875,0.330078125
50,100,199,4869.568359375,0.0028388893502163193,4.01099967956543,0.6008330583572388,0.6745902299880981,0.33984375,0.328125,0.33203125
50,150,200,4852.751953125,0.002799595717977908,3.5350000858306885,0.6149998307228088,0.689705491065979,0.33984375,0.328125,0.33203125
51,0,201,4940.935546875,0.002778345243249158,3.5349998474121094,0.5939964056015015,0.6678686141967773,0.337890625,0.3310546875,0.3310546875
51,50,202,4931.7080078125,0.0027389398565178373,3.6389999389648438,0.5933008193969727,0.6681429147720337,0.33984375,0.330078125,0.330078125
51,100,203,5014.595703125,0.002699474466021652,4.284999847412109,0.5874805450439453,0.6518000364303589,0.3388671875,0.3310546875,0.330078125
51,150,204,4899.32421875,0.0026599589829205,3.683000087738037,0.6015039682388306,0.6714456081390381,0.33984375,0.3271484375,0.3330078125
52,0,205,4949.3310546875,0.002638603286695943,3.2869999408721924,0.5698535442352295,0.6415776610374451,0.337890625,0.33203125,0.330078125
52,50,206,4948.2236328125,0.002599030073486018,3.2950000762939453,0.5918828845024109,0.6666392087936401,0.3388671875,0.330078125,0.3310546875
52,100,207,4958.4013671875,0.002559431992822136,3.7769999504089355,0.5710703134536743,0.6388864517211914,0.33984375,0.330078125,0.330078125
52,150,208,4854.2333984375,0.002519818989187399,3.638000011444092,0.6006475687026978,0.6710677146911621,0.33984375,0.330078125,0.330078125
53,0,209,4870.1201171875,0.0024984252643882043,3.320000171661377,0.5888956785202026,0.6643632650375366,0.33984375,0.330078125,0.330078125
53,50,210,4896.47265625,0.0024588087366691136,3.4189999103546143,0.5990280508995056,0.6764193773269653,0.33984375,0.328125,0.33203125
53,100,211,4913.93505859375,0.0024192025560491803,3.1659998893737793,0.6060491800308228,0.6851829290390015,0.33984375,0.330078125,0.330078125
53,150,212,4903.578125,0.0023796166690456953,3.0889999866485596,0.5807890892028809,0.6534311771392822,0.33984375,0.3291015625,0.3310546875
54,0,213,4910.48486328125,0.0023582522282449957,3.236999988555908,0.5645108819007874,0.6308716535568237,0.33984375,0.330078125,0.330078125
54,50,214,4778.5185546875,0.002318717034269648,3.421999931335449,0.5994983315467834,0.6747251749038696,0.3388671875,0.3291015625,0.33203125
54,100,215,4880.12158203125,0.0022792273693907706,3.4720001220703125,0.593708872795105,0.6622267961502075,0.33984375,0.330078125,0.330078125
54,150,216,4881.615234375,0.002239793150864417,2.934000015258789,0.5733106136322021,0.642473042011261,0.33984375,0.3291015625,0.3310546875
55,0,217,4867.666015625,0.0022185252144970523,3.4509999752044678,0.5913037657737732,0.6640802025794983,0.33984375,0.330078125,0.330078125
55,50,218,4861.1171875,0.002179195746612307,3.177999973297119,0.5920208096504211,0.6610085964202881,0.3388671875,0.3291015625,0.33203125
55,100,219,4910.375,0.0021399468465699623,3.3949999809265137,0.577486515045166,0.6476332545280457,0.33984375,0.328125,0.33203125
55,150,220,4854.2255859375,0.0021007883711614793,3.1430001258850098,0.5622923374176025,0.6322698593139648,0.33984375,0.328125,0.33203125
56,0,221,4851.912109375,0.0020796838560236427,3.117000102996826,0.5609329342842102,0.6335234045982361,0.33984375,0.330078125,0.330078125
56,50,222,4832.08544921875,0.002040683859285966,3.427999973297119,0.5677686929702759,0.6339208483695984,0.33984375,0.3291015625,0.3310546875
56,100,223,4778.3359375,0.002001799215640383,3.5819997787475586,0.5939661860466003,0.6631650924682617,0.33984375,0.330078125,0.330078125
56,150,224,4841.45654296875,0.0019630396904006457,3.2709999084472656,0.5696168541908264,0.6403905153274536,0.33984375,0.3291015625,0.3310546875
57,0,225,4801.5126953125,0.0019421649991048773,3.440999984741211,0.5969266891479492,0.6657423973083496,0.3388671875,0.330078125,0.3310546875
57,50,226,4808.0234375,0.0019036171819326164,4.119999885559082,0.5800161957740784,0.6489672660827637,0.33984375,0.330078125,0.330078125
57,100,227,4819.0087890625,0.001865219140158635,2.9260001182556152,0.5711902379989624,0.6388559341430664,0.3388671875,0.3310546875,0.330078125
57,150,228,4884.7734375,0.0018269805168936917,3.7139999866485596,0.5909400582313538,0.6561064720153809,0.3388671875,0.3310546875,0.330078125
58,0,229,4820.52587890625,0.0018064013289417018,4.202000141143799,0.5795137286186218,0.6454569697380066,0.33984375,0.330078125,0.330078125
58,50,230,4750.49169921875,0.0017684269770289977,3.622999906539917,0.5841418504714966,0.6514828205108643,0.33984375,0.330078125,0.330078125
58,100,231,4800.43359375,0.0017306363515719474,3.9660000801086426,0.5968973636627197,0.668678879737854,0.337890625,0.33203125,0.330078125
58,150,232,4842.0009765625,0.001693038943137518,3.7679998874664307,0.599805474281311,0.662964940071106,0.33984375,0.330078125,0.330078125
59,0,233,4756.1435546875,0.001672820008268168,3.3910000324249268,0.56593918800354,0.6340138912200928,0.3388671875,0.330078125,0.3310546875
59,50,234,4775.810546875,0.0016355386029752955,3.944999933242798,0.586239218711853,0.6492146253585815,0.33984375,0.3291015625,0.3310546875
59,100,235,4870.9853515625,0.0015984742971240484,3.302999973297119,0.5584736466407776,0.6224030256271362,0.3388671875,0.3310546875,0.330078125
59,150,236,4741.74560546875,0.0015616363988767686,3.5999999046325684,0.5922687649726868,0.6640952825546265,0.33984375,0.330078125,0.330078125
60,0,237,4773.8203125,0.001541841333339444,3.677000045776367,0.574621856212616,0.6342160701751709,0.33984375,0.3291015625,0.3310546875
60,50,238,4792.5263671875,0.001505370175760246,3.4809999465942383,0.5907854437828064,0.6601728796958923,0.33984375,0.3291015625,0.3310546875
60,100,239,4762.25146484375,0.0014691488075334821,3.312999963760376,0.5674340128898621,0.6303534507751465,0.33984375,0.3291015625,0.3310546875
60,150,240,4745.7470703125,0.0014331863251299483,3.3309998512268066,0.5917845368385315,0.6573128700256348,0.33984375,0.3271484375,0.3330078125
61,0,241,4765.0400390625,0.0014138774115242975,3.325000047683716,0.581648051738739,0.6474195718765259,0.337890625,0.33203125,0.330078125
61,50,242,4750.37646484375,0.0013783312534135486,3.5759999752044678,0.5898414254188538,0.6596421003341675,0.33984375,0.3291015625,0.3310546875
61,100,243,4797.93603515625,0.001343066788636326,3.9730000495910645,0.5778967142105103,0.6382601261138916,0.337890625,0.33203125,0.330078125
61,150,244,4770.1328125,0.0013080928733510146,3.384999990463257,0.5703896880149841,0.6324644088745117,0.3388671875,0.3291015625,0.33203125
62,0,245,4714.90234375,0.001289330864662852,3.5269999504089355,0.5795533061027527,0.6459649205207825,0.33984375,0.330078125,0.330078125
62,50,246,4724.64453125,0.0012548215473847787,3.125999927520752,0.5545732378959656,0.6162657141685486,0.33984375,0.330078125,0.330078125
62,100,247,4777.81591796875,0.0012206249411098804,3.3899998664855957,0.5824311971664429,0.6467759609222412,0.33984375,0.3291015625,0.3310546875
62,150,248,4712.1240234375,0.001186749633819384,3.319000005722046,0.5886927247047424,0.6571669578552246,0.33984375,0.330078125,0.330078125
63,0,249,4621.1787109375,0.0011685935622693167,3.306999921798706,0.5773739218711853,0.6436946392059326,0.33984375,0.3291015625,0.3310546875
63,50,250,4761.9951171875,0.001135229664903294,3.440999984741211,0.5774795413017273,0.6370309591293335,0.33984375,0.3291015625,0.3310546875
63,100,251,4770.13818359375,0.0011022085123055883,3.513000011444092,0.5523591637611389,0.6108524799346924,0.33984375,0.3291015625,0.3310546875
63,150,252,4706.1015625,0.0010695383972592976,3.558000087738037,0.5773030519485474,0.6397022008895874,0.3388671875,0.3291015625,0.33203125
64,0,253,4719.8173828125,0.0010520453885655215,4.110000133514404,0.5667718648910522,0.6271741390228271,0.33984375,0.330078125,0.330078125
64,50,254,4733.64892578125,0.0010199318862761158,3.187000036239624,0.5586807131767273,0.6200275421142578,0.3388671875,0.328125,0.3330078125
64,100,255,4698.54833984375,0.0009881900841183235,3.0789999961853027,0.569524347782135,0.6384388208389282,0.33984375,0.3291015625,0.3310546875
64,150,256,4744.26025390625,0.000956827953584954,3.7080001831054688,0.5645268559455872,0.6239670515060425,0.3388671875,0.3291015625,0.33203125
65,0,257,4735.240234375,0.0009400530472246107,3.575000047683716,0.5753434300422668,0.6338021755218506,0.33984375,0.3291015625,0.3310546875
65,50,258,4728.623046875,0.0009092909809708756,3.509999990463257,0.5522844791412354,0.6171966791152954,0.3388671875,0.3310546875,0.330078125
65,100,259,4682.55078125,0.0008789284007059221,3.571000099182129,0.600715160369873,0.6627899408340454,0.33984375,0.330078125,0.330078125
65,150,260,4720.3310546875,0.0008489729315510021,3.7330000400543213,0.5827904939651489,0.6439200043678284,0.337890625,0.330078125,0.33203125
66,0,261,4673.08984375,0.0008329689075856159,4.751999855041504,0.5444381833076477,0.596961498260498,0.33984375,0.330078125,0.330078125
66,50,262,4709.89453125,0.0008036550662088558,3.3949999809265137,0.5502904057502747,0.606242835521698,0.3369140625,0.33203125,0.3310546875
66,100,263,4771.482421875,0.0007747672397473268,3.258999824523926,0.550420343875885,0.6136550307273865,0.33984375,0.330078125,0.330078125
66,150,264,4692.88427734375,0.0007463126829592724,3.182000160217285,0.5533232688903809,0.6146753430366516,0.33984375,0.3291015625,0.3310546875
67,0,265,4682.7021484375,0.0007311298959691609,4.2910003662109375,0.5624083280563354,0.6194745898246765,0.33984375,0.3291015625,0.3310546875
67,50,266,4711.12158203125,0.0007033565116594219,3.4019999504089355,0.5342811346054077,0.5947937965393066,0.3388671875,0.330078125,0.3310546875
67,100,267,4658.0576171875,0.0006760343307908309,3.5190000534057617,0.5656327605247498,0.6217528581619263,0.3388671875,0.330078125,0.3310546875
67,150,268,4763.09716796875,0.0006491702149324717,3.382999897003174,0.546894371509552,0.5929936170578003,0.3388671875,0.3310546875,0.330078125
68,0,269,4664.9287109375,0.000634856435582593,4.019999980926514,0.5588147044181824,0.6152890920639038,0.33984375,0.330078125,0.330078125
68,50,270,4669.8798828125,0.0006087108936820776,3.746999979019165,0.5542092323303223,0.6132432222366333,0.33984375,0.328125,0.33203125
68,100,271,4685.99365234375,0.0005830403240956722,4.167999744415283,0.5674117207527161,0.623762845993042,0.33984375,0.330078125,0.330078125
68,150,272,4760.3037109375,0.0005578511736142624,3.11299991607666,0.5353010892868042,0.5922348499298096,0.3388671875,0.330078125,0.3310546875
69,0,273,4698.537109375,0.000544451438350041,3.134999990463257,0.5492773652076721,0.6146135330200195,0.33984375,0.3291015625,0.3310546875
69,50,274,4628.697265625,0.0005200160024064861,3.499000072479248,0.5640381574630737,0.6232446432113647,0.33984375,0.330078125,0.330078125
69,100,275,4667.90234375,0.0004960778132113798,3.6059999465942383,0.5674594640731812,0.6232248544692993,0.33984375,0.330078125,0.330078125
69,150,276,4709.28564453125,0.0004726428824934231,2.991000175476074,0.5434462428092957,0.607611894607544,0.3388671875,0.330078125,0.3310546875
70,0,277,4643.7783203125,0.0004601993518394244,3.7070000171661377,0.557529628276825,0.6162566542625427,0.33984375,0.3291015625,0.3310546875
70,50,278,4716.9951171875,0.0004375509047745496,3.799999952316284,0.5337990522384644,0.5801587104797363,0.33984375,0.330078125,0.330078125
70,100,279,4592.615234375,0.00041542041437022845,3.690000057220459,0.568339467048645,0.624851644039154,0.3388671875,0.3310546875,0.330078125
70,150,280,4665.5390625,0.0003938134383778518,3.305000066757202,0.5504188537597656,0.6055524349212646,0.33984375,0.3291015625,0.3310546875
71,0,281,4653.091796875,0.0003823652642851763,3.94599986076355,0.5649911761283875,0.6260188817977905,0.33984375,0.328125,0.33203125
71,50,282,4647.4814453125,0.0003615750664925657,3.5869998931884766,0.5584076642990112,0.6169338226318359,0.3388671875,0.330078125,0.3310546875
71,100,283,4705.58837890625,0.00034132190558933313,4.484999656677246,0.5465425848960876,0.5947902202606201,0.3388671875,0.3310546875,0.330078125
71,150,284,4667.3359375,0.0003216108678628212,3.5360000133514404,0.5431795120239258,0.5937058925628662,0.3388671875,0.3310546875,0.330078125
72,0,285,4665.111328125,0.00031119407052258136,3.000999927520752,0.5462037920951843,0.6068324446678162,0.3388671875,0.330078125,0.3310546875
72,50,286,4654.55615234375,0.00029232753565612215,3.180999994277954,0.5364580750465393,0.5925225615501404,0.337890625,0.33203125,0.330078125
72,100,287,4569.90234375,0.0002740154281911293,3.256999969482422,0.5604544878005981,0.6211274862289429,0.33984375,0.330078125,0.330078125
72,150,288,4676.673828125,0.0002562623469475503,3.8980000019073486,0.540026068687439,0.5950338840484619,0.33984375,0.328125,0.33203125
73,0,289,4663.64453125,0.0002469097014580209,3.740999937057495,0.5496730208396912,0.6006289720535278,0.337890625,0.33203125,0.330078125
73,50,290,4695.27001953125,0.00023002619061635005,3.177000045776367,0.5424718260765076,0.5992493033409119,0.33984375,0.328125,0.33203125
73,100,291,4662.18359375,0.00021371275325450794,4.067999839782715,0.5600106716156006,0.6134949326515198,0.33984375,0.330078125,0.330078125
73,150,292,4687.3515625,0.00019797348625546148,3.003000020980835,0.5291981101036072,0.5858023762702942,0.33984375,0.330078125,0.330078125
74,0,293,4670.02685546875,0.00018971441949949998,3.1640000343322754,0.5459773540496826,0.6081412434577942,0.33984375,0.330078125,0.330078125
74,50,294,4628.5244140625,0.0001748670544540215,3.256999969482422,0.5528509020805359,0.6135705709457397,0.3388671875,0.330078125,0.3310546875
74,100,295,4644.833984375,0.00016060361530466076,3.130000114440918,0.5125818848609924,0.5666443109512329,0.33984375,0.330078125,0.330078125
74,150,296,4600.73974609375,0.00014692768410709455,3.328000068664551,0.5345673561096191,0.5898352861404419,0.33984375,0.3291015625,0.3310546875
75,0,297,4629.763671875,0.0001397881821642746,3.007999897003174,0.535952091217041,0.5934016704559326,0.33984375,0.328125,0.33203125
75,50,298,4721.439453125,0.00012702367821841847,3.2290000915527344,0.5166795253753662,0.566063642501831,0.33984375,0.330078125,0.330078125
75,100,299,4652.205078125,0.00011485511533806799,3.7939999103546143,0.5447536706924438,0.5998857021331787,0.3388671875,0.3310546875,0.330078125
75,150,300,4646.16357421875,0.00010328554948113592,3.1470000743865967,0.5392705798149109,0.6005469560623169,0.33984375,0.330078125,0.330078125
76,0,301,4657.2939453125,9.728807586593115e-05,3.2730000019073486,0.5377674102783203,0.595097005367279,0.337890625,0.33203125,0.330078125
76,50,302,4662.4609375,8.664659487152255e-05,3.248000144958496,0.5204645991325378,0.5735563039779663,0.33984375,0.3291015625,0.3310546875
76,100,303,4708.2041015625,7.661119506093789e-05,3.38100004196167,0.5185901522636414,0.5698528289794922,0.33984375,0.330078125,0.330078125
76,150,304,4646.38623046875,6.718439667915389e-05,2.888000011444092,0.5353903770446777,0.5940510630607605,0.3388671875,0.330078125,0.3310546875
77,0,305,4639.333984375,6.2347821662409e-05,3.1649999618530273,0.5229913592338562,0.5783970952033997,0.3388671875,0.3291015625,0.33203125
77,50,306,4691.8603515625,5.386284565562485e-05,2.9579999446868896,0.5180391669273376,0.5708756446838379,0.33984375,0.3291015625,0.3310546875
77,100,307,4658.0126953125,4.599218399535103e-05,3.069000005722046,0.526856005191803,0.5817462205886841,0.3388671875,0.3291015625,0.33203125
77,150,308,4794.17578125,3.8737813284002906e-05,3.417999744415283,0.5135745406150818,0.5491201877593994,0.33984375,0.3291015625,0.3310546875
78,0,309,4695.775390625,3.507735452008137e-05,3.825000047683716,0.5361059904098511,0.5823202133178711,0.33984375,0.330078125,0.330078125
78,50,310,4655.44677734375,2.877558037457786e-05,3.7160000801086426,0.5422647595405579,0.5976136922836304,0.33984375,0.330078125,0.330078125
78,100,311,4679.7333984375,2.3094420878062104e-05,3.059000015258789,0.5249269008636475,0.5741968750953674,0.33984375,0.330078125,0.330078125
78,150,312,4696.5380859375,1.8035302771266997e-05,3.3470001220703125,0.5414628982543945,0.5940954685211182,0.33984375,0.330078125,0.330078125
79,0,313,4704.87255859375,1.5562477417679172e-05,3.8459999561309814,0.5381609201431274,0.5852060914039612,0.33984375,0.3291015625,0.3310546875
79,50,314,4623.1474609375,1.146373284634991e-05,3.246000051498413,0.5380443334579468,0.5916856527328491,0.337890625,0.3310546875,0.3310546875
79,100,315,4672.8388671875,7.989950543194997e-06,3.877999782562256,0.5123761892318726,0.5563965439796448,0.33984375,0.328125,0.33203125
79,150,316,4689.11328125,5.142002898210086e-06,3.1669998168945312,0.5201374888420105,0.5674041509628296,0.33984375,0.330078125,0.330078125
80,0,317,4665.0361328125,3.864591378375622e-06,3.4790000915527344,0.5157381296157837,0.5667879581451416,0.33984375,0.3291015625,0.3310546875
80,50,318,4732.08837890625,1.9817725480314094e-06,3.052000045776367,0.5025038123130798,0.5517231225967407,0.33984375,0.330078125,0.330078125
80,100,319,4697.572265625,7.262972425387588e-07,3.136000156402588,0.5221166610717773,0.5753215551376343,0.33984375,0.330078125,0.330078125
80,150,320,4656.9775390625,9.848075629412492e-08,3.2280001640319824,0.5397955775260925,0.5936518311500549,0.33984375,0.3291015625,0.3310546875
