experiment,n_models,all_F9_spearman,all_F9_pearson,all_F9_n,hc_F9_spearman,hc_F9_pearson,hc_F9_n,all_GP1BB_spearman,all_GP1BB_pearson,all_GP1BB_n,hc_GP1BB_spearman,hc_GP1BB_pearson,hc_GP1BB_n,all_IRF4_spearman,all_IRF4_pearson,all_IRF4_n,hc_IRF4_spearman,hc_IRF4_pearson,hc_IRF4_n,all_ZFAND3_spearman,all_ZFAND3_pearson,all_ZFAND3_n,hc_ZFAND3_spearman,hc_ZFAND3_pearson,hc_ZFAND3_n,all_IRF6_spearman,all_IRF6_pearson,all_IRF6_n,hc_IRF6_spearman,hc_IRF6_pearson,hc_IRF6_n,all_HBG1_spearman,all_HBG1_pearson,all_HBG1_n,hc_HBG1_spearman,hc_HBG1_pearson,hc_HBG1_n,all_LDLR_spearman,all_LDLR_pearson,all_LDLR_n,hc_LDLR_spearman,hc_LDLR_pearson,hc_LDLR_n,all_TERT-HEK293T_spearman,all_TERT-HEK293T_pearson,all_TERT-HEK293T_n,hc_TERT-HEK293T_spearman,hc_TERT-HEK293T_pearson,hc_TERT-HEK293T_n,all_TERT-GBM_spearman,all_TERT-GBM_pearson,all_TERT-GBM_n,hc_TERT-GBM_spearman,hc_TERT-GBM_pearson,hc_TERT-GBM_n,all_MSMB_spearman,all_MSMB_pearson,all_MSMB_n,hc_MSMB_spearman,hc_MSMB_pearson,hc_MSMB_n,all_HBB_spearman,all_HBB_pearson,all_HBB_n,hc_HBB_spearman,hc_HBB_pearson,hc_HBB_n,all_MYCrs6983267_spearman,all_MYCrs6983267_pearson,all_MYCrs6983267_n,hc_MYCrs6983267_spearman,hc_MYCrs6983267_pearson,hc_MYCrs6983267_n,all_SORT1_spearman,all_SORT1_pearson,all_SORT1_n,hc_SORT1_spearman,hc_SORT1_pearson,hc_SORT1_n,all_PKLR_spearman,all_PKLR_pearson,all_PKLR_n,hc_PKLR_spearman,hc_PKLR_pearson,hc_PKLR_n,all_HNF4A_spearman,all_HNF4A_pearson,all_HNF4A_n,hc_HNF4A_spearman,hc_HNF4A_pearson,hc_HNF4A_n,K562_matched_sp,all_mean_sp
adaptive_softsort,9,0.4072459022588128,0.5835430339059248,671,0.7628938022300288,0.7788498598969973,111,0.38806692616536,0.5937749003155657,869,0.722659320622182,0.6033951186298936,143,0.1788503009080822,0.14995364175739018,972,0.24242065628701448,0.22486138181373821,462,0.21107419899612634,0.2084791062123675,1247,0.3380459278067977,0.2756599071055157,214,0.13238671818594652,0.09436876378919495,1357,0.11173007655501878,0.13198127271774532,236,0.4633355714481243,0.6804818616662905,633,0.7260592925552096,0.7183822208872442,125,0.3685411241605334,0.6116894700667678,717,0.515937986280421,0.6248836183128914,288,0.3550963147681173,0.4116058621199342,575,0.5144347468719939,0.5813126107145603,98,0.4808294115255832,0.5073485035052567,575,0.6056822782222634,0.5724039757625655,220,0.20052539465326488,0.2687484669095561,1344,0.4902755078980468,0.441745716068286,263,0.4864673328121108,0.5963805243068524,432,0.7148490628890207,0.7388606265420383,64,0.18350209015743424,0.2007650309349662,1364,0.6058339771446188,0.4794206313007988,76,0.17990611093468215,0.17516277656956475,1360,0.2333200234666187,0.23912339662437068,523,0.42112252467234307,0.651366646441167,1025,0.7370921250528484,0.7996708952835202,180,0.16388206828996205,0.3601489381797968,672,0.5167723623770586,0.6187733455530089,95,0.4397480887744845,0.3080554659957656
combined_lambda_ranknet,9,0.40339908121085494,0.5999059828349111,671,0.7751853054313489,0.7929380219008311,111,0.3831555902639063,0.5914320958967384,869,0.6831584020576764,0.5634262381721344,143,0.12317344672804222,0.12307395739348516,972,0.1726393884816814,0.1952783568009571,462,0.23920473850907914,0.23553964331564006,1247,0.3861435782238131,0.30174027600049147,214,0.12391921923078536,0.11178965087397101,1357,0.10050424953447923,0.15138960745021307,236,0.4720283003736736,0.6591942595416806,633,0.7412170232027764,0.7203206903946503,125,0.3610753584736146,0.6246545522104907,717,0.5190926154850801,0.6349116416910554,288,0.42649030148301126,0.5060096356174163,575,0.6670875207742899,0.7355992786943939,98,0.5085460090298587,0.5675466630732344,575,0.6777815822000356,0.6992186861744989,220,0.14468338062659244,0.2065821752253534,1344,0.3801677981579869,0.33944806045714493,263,0.48248457447853893,0.560601883927353,432,0.6839599573378475,0.734815163615314,64,0.14581200999424312,0.2733301758819906,1364,0.6555416078809658,0.5741101993033196,76,0.18500102388664572,0.17933100144837594,1360,0.2176301804809193,0.23577583031326144,523,0.43419912012328127,0.6503141719109253,1025,0.7403999900583061,0.7783036558996842,180,0.15359958241053717,0.382776566960394,672,0.49715784950386127,0.5947867505283928,95,0.44296689630985003,0.3057847824548443
combined_margin_ranknet,9,0.39186485571491325,0.573845327586546,671,0.7514887266069544,0.7791885528018108,111,0.3724015105607676,0.5567603685006067,869,0.6780891824985593,0.5569027822265079,143,0.15577729378292948,0.15552102866686254,972,0.23033160202311698,0.2250212957918222,462,0.21280802257237053,0.19445713924893132,1247,0.28322335002281435,0.24368543604590562,214,0.11342377247744523,0.09746884576625585,1357,0.06584159829350618,0.1355155531016461,236,0.4687451534652013,0.6606042194223359,633,0.7037882137525411,0.7008659065178925,125,0.348539532972519,0.6016756851137542,717,0.4831345145882101,0.6035442979431623,288,0.3979060770025151,0.49344694630066394,575,0.6142711913577183,0.7152880989218509,98,0.4699282389744752,0.5537664033243372,575,0.6673524740064772,0.6803378924768956,220,0.18921122742309,0.2329278080263883,1344,0.43177432242581737,0.382248532542034,263,0.4848252406949921,0.5761512815441512,432,0.6596932193714584,0.7471368264904239,64,0.16210110918377907,0.3042468298608884,1364,0.6439285703203829,0.5763369527064954,76,0.19293670211863936,0.18236049934270576,1360,0.23769617402523413,0.24252940805486997,523,0.4182774222651671,0.6293756520004408,1025,0.7153126891475515,0.7613675650399674,180,0.16573926112079113,0.39201008443555185,672,0.5150630976838227,0.6376852615489335,95,0.436062331746532,0.3029656946886397
combined_pl_a03,9,0.37980911120255484,0.5878692691943951,671,0.7313729641382462,0.7654510596148671,111,0.36392377786281865,0.5622178896853316,869,0.6638851061549761,0.5593652092207682,143,0.1341769586659679,0.13401770853040718,972,0.2055173299619031,0.22393713666981735,462,0.2180283371569208,0.2660993909413254,1247,0.35206583693194293,0.35489619023356134,214,0.07655367849196648,0.02727547937310253,1357,-0.012405018203705624,0.02539541917335086,236,0.4492943281121799,0.6618154090168009,633,0.716736658299236,0.7071984930258649,125,0.3570682641141192,0.6133911309125983,717,0.5026334839248842,0.617756976066802,288,0.40126943015412125,0.41237755236579954,575,0.5435497245511034,0.6508563787606553,98,0.45860430644389705,0.4589157195085525,575,0.6124079175095666,0.617353097070475,220,0.2064171899045594,0.2654894297055692,1344,0.49995119505315044,0.42014672917917384,263,0.5078147536877703,0.5946089941417088,432,0.6890928650852235,0.7414978076586447,64,0.17276999844320218,0.23644910436696273,1364,0.6043019863239059,0.5131735245950372,76,0.1893272547965478,0.1902077126731745,1360,0.25310227082289477,0.25815024957004273,523,0.40903737829956666,0.6307068513240824,1025,0.7302006538844018,0.7756578026285158,180,0.21839654559179697,0.4048555011664906,672,0.5904879048644354,0.648584563583888,95,0.4325175594905839,0.3028327541951993
combined_pl_a05,9,0.38151202881819124,0.5833591299905416,671,0.7731052724012076,0.7715677570155703,111,0.34614923512175905,0.5533350311011576,869,0.6447246876108798,0.5413617473080177,143,0.12620481351934068,0.13295794402042554,972,0.1836614160863697,0.21386522852265716,462,0.24737637178605065,0.29079754388123785,1247,0.37263188085452553,0.380975870260097,214,0.0952225169896701,0.05314688914082858,1357,0.0530572119623476,0.07986013463324976,236,0.45286182623998616,0.6761310206724569,633,0.7245598049095553,0.7196397665661998,125,0.39273695896598193,0.640794844733482,717,0.5565781708125206,0.6484133260708489,288,0.4149063408587583,0.46491091237161813,575,0.5697442773995007,0.7003807321009498,98,0.5140577020188855,0.538675492910771,575,0.6652144701978449,0.6543161376625344,220,0.20884424405458357,0.2729072332400423,1344,0.49547529066979995,0.4322176704754226,263,0.5064405364091261,0.594476226031392,432,0.6931258640295903,0.7297335556115785,64,0.1740135230186564,0.24376139408643918,1364,0.5856445266859374,0.518164588594045,76,0.18977684579087903,0.18692095648559884,1360,0.23582240060255155,0.2380030249471501,523,0.4031307531751181,0.6420849495545697,1025,0.741006003273925,0.7850251637968705,180,0.18851903365377587,0.41206629271309625,672,0.5444008047955907,0.624337093582353,95,0.42714558773649736,0.3094501820280508
combined_ranknet_a03,9,0.3968351884000736,0.604917453445171,671,0.7489215972343118,0.7865843422208612,111,0.3744350402672493,0.5710320904865732,869,0.7076035333000427,0.5930850139996784,143,0.11203797657215736,0.11979512443355346,972,0.1668182639717266,0.20152408824968038,462,0.24766457721484483,0.28991722500534123,1247,0.3948186916659695,0.38647353485772645,214,0.12317147499069922,0.09896839638272668,1357,0.12967724766760402,0.1451362020701809,236,0.4673433667835016,0.657930166396979,633,0.755978372894832,0.7182991632723874,125,0.35019247323561115,0.608842929698477,717,0.4781884958415006,0.6184319899049084,288,0.3799771479903586,0.40372264337626895,575,0.5321996018465885,0.5536982665950173,98,0.5071971477693943,0.5073475848437808,575,0.6420717341902231,0.5695420307449895,220,0.19017177239251676,0.2582696261450214,1344,0.459096607394831,0.4078600315213065,263,0.5014546992265362,0.6062864492023816,432,0.7050186279621266,0.7604071137828958,64,0.169028944839259,0.25989083763757515,1364,0.6297439767393173,0.5687706524987205,76,0.1716274439387105,0.18884043353491853,1360,0.20322648577460245,0.23336865118494435,523,0.45435714525376164,0.6797711598538174,1025,0.7608675976954975,0.8060677620507545,180,0.18654609055001384,0.46010646978730696,672,0.549955915048607,0.7029209805642946,95,0.44939756288276217,0.3088026992949792
combined_ranknet_a05,9,0.38564423219159155,0.5638043948146234,671,0.7508524295829662,0.7728984458472349,111,0.369459009795646,0.5707495915677548,869,0.7010812742883527,0.5713468386080836,143,0.1526597800668688,0.15197894267099152,972,0.22269277179974087,0.22448645820402205,462,0.2394857060645528,0.26529154787476006,1247,0.34921740188585937,0.34543377108519163,214,0.11104438932935053,0.0885917141153203,1357,0.03417508787139451,0.11423362515163435,236,0.4544937580631789,0.6580623903597754,633,0.7475837002556364,0.7296879892392485,125,0.3577642737510815,0.614754095912826,717,0.5021338774683137,0.6220115057040974,288,0.43215494112281866,0.4817082143142461,575,0.6151192623238423,0.6991043378819204,98,0.5292524418394672,0.5687476451877509,575,0.7118476355051089,0.6813571166024075,220,0.18469033715342936,0.26456749008475094,1344,0.4687538181644514,0.41999561229439875,263,0.4758802461582068,0.5864841709858168,432,0.6602202590062336,0.7402956978040718,64,0.16856148441529145,0.23824424332856328,1364,0.6085012825913959,0.5385565941126402,76,0.19300954268218745,0.20327212977926812,1360,0.21546003594741892,0.2427065816734475,523,0.4438218112447765,0.7009874174936349,1025,0.7625590844976662,0.8048105539393189,180,0.19090798462468966,0.41149189075368603,672,0.5248773593035904,0.6559968629700174,95,0.43591370631545207,0.31258866256687584
combined_ranknet_a07,9,0.398084565442678,0.597253835822704,671,0.7651054829203056,0.7879642089604618,111,0.3746196571488979,0.561451421763289,869,0.6501181730365315,0.5379598153168828,143,0.1255536149057328,0.12665470407487397,972,0.1698607746362897,0.19989833838961132,462,0.22185025003708547,0.24188434345079135,1247,0.34692065213137535,0.32496554962503543,214,0.134878012605239,0.10392744809618146,1357,0.09156010951876509,0.13478322838562962,236,0.45826487797444243,0.6792411853990244,633,0.7270702176277922,0.7212410870891083,125,0.32863857419540665,0.6154393865544474,717,0.48236764756362016,0.6251299089168878,288,0.39027668506082114,0.44998851999900014,575,0.5188281370649213,0.6681838043193578,98,0.48683829095604747,0.515908899482973,575,0.618850668575485,0.6253869885290417,220,0.19073702501288398,0.2448793051797245,1344,0.48800753157996096,0.4021506685009092,263,0.47650593269031893,0.5575334651124042,432,0.702291770721333,0.758639203408528,64,0.13619200211062069,0.19147133231815497,1364,0.5964368548782812,0.49707501312954055,76,0.1856601791026143,0.2021535874202291,1360,0.23214695422980122,0.255002293452368,523,0.42362237427741045,0.6623023368593385,1025,0.7318746496429958,0.790427387517862,180,0.16327547348924204,0.3931184534103496,672,0.49499324790464055,0.5979091343855488,95,0.43325321052276744,0.29966650100062947
combined_sampled_ranknet,9,0.409519306413643,0.6031132127315337,671,0.7606557920077248,0.7896173002080112,111,0.3833779738471168,0.5675674209841549,869,0.6733401241747546,0.5372794185355341,143,0.13289377199387967,0.1288934230444256,972,0.19887828960152124,0.21590709449419687,462,0.23062633241743832,0.24788503396466022,1247,0.3466561370970013,0.33145006780273745,214,0.15560748681958064,0.09825910440808283,1357,0.10946528079052521,0.12951776778759794,236,0.44982006850450956,0.6599328800384806,633,0.7236502796162897,0.7138738883422561,125,0.3784459355483485,0.6265563379038886,717,0.5007651717961912,0.6311803082216367,288,0.3410477407745082,0.39173937626800626,575,0.4215103995838501,0.5422279573783768,98,0.4674074923535682,0.48007660413446696,575,0.588963133520546,0.5607732091839358,220,0.1765163278290115,0.2518541030075476,1344,0.4349453320844037,0.389012943031044,263,0.49630581426844367,0.5930236249646161,432,0.7256419180185478,0.7329329358209289,64,0.16843254146365988,0.23255641927656714,1364,0.6504121743294715,0.5374418784104732,76,0.1758572967759593,0.18574592415227126,1360,0.20094187807079045,0.23650312874151708,523,0.436699265049575,0.6746934180250126,1025,0.7567397114118595,0.8033737593467103,180,0.19565039905768988,0.44594422501362735,672,0.557017139682958,0.6552492548939022,95,0.44155078041741125,0.3065471835411288
combined_softsort_a03,9,0.4014938770700911,0.5727112026028098,671,0.7401670278352993,0.7724709411521743,111,0.3722014540588147,0.5610004116724011,869,0.66466909071837,0.5580272332857503,143,0.16212403647389953,0.1546927174550386,972,0.22610505441959677,0.22558302567677108,462,0.22161272520030603,0.22311644006267936,1247,0.35542615755380585,0.2814586124862066,214,0.14049517838586972,0.10350341021045094,1357,0.09935655823193201,0.1312229397991166,236,0.4746987600775645,0.6663005393595836,633,0.7197571426346422,0.7094561708528216,125,0.35609935357575906,0.609319985864813,717,0.4969396281392948,0.6169672300637941,288,0.39448836573545715,0.42642955973795416,575,0.49415756136617506,0.6127600971555467,98,0.4853276357837745,0.4929920286297996,575,0.6105877403082269,0.6081381170383866,220,0.20717430657650465,0.24735156103213976,1344,0.4618872014737327,0.3971536148728665,263,0.4882289188468924,0.591061988200938,432,0.7012147766850533,0.7524206383755101,64,0.15986562687444103,0.27554370243184284,1364,0.6485655782509336,0.5596679495410176,76,0.1797283570590383,0.18424145258318742,1360,0.21656775757729416,0.24450416865110217,523,0.44457543758207235,0.6858132771574428,1025,0.7539226245114106,0.8087580862379682,180,0.17698806869705694,0.38836029893184243,672,0.5236374418826776,0.6170685582047101,95,0.444926142641336,0.3110068067998361
combined_softsort_a05,9,0.3958449915885737,0.5562687994550726,671,0.7684230039557207,0.7751598266267943,111,0.3942338837000471,0.5696732227458511,869,0.6519714140332452,0.5434098219941954,143,0.12234910481859466,0.12465718909978728,972,0.180098839451445,0.20526817398615727,462,0.2281259908139138,0.23646179634219505,1247,0.32719836218418036,0.3035130060975461,214,0.1119190571232211,0.09408745277961966,1357,0.10663440021491051,0.13634885660365098,236,0.4388736769410017,0.6687953154292314,633,0.7305792645362701,0.7116581615868536,125,0.34035966953854047,0.5700125349938825,717,0.4661097149836719,0.5807031877309938,288,0.35399043331711244,0.43365833479887145,575,0.4874112524777611,0.6068959046243015,98,0.46001222279780535,0.5113229619857118,575,0.6005243581219964,0.5980556141206609,220,0.20297901390989267,0.25698997772067467,1344,0.4875370436210447,0.4044211757507446,263,0.4769717728416071,0.5711652260201273,432,0.6516959657829128,0.7466581978445219,64,0.1651905360897775,0.2583309984943875,1364,0.6407141252947798,0.5804294131314817,76,0.19003838241657803,0.1843783591938434,1360,0.22390095026494536,0.24078544341461905,523,0.44620125894303214,0.6862155111353418,1025,0.777630190749593,0.8192346597275798,180,0.16815581788819228,0.3841844812133187,672,0.5297949978882277,0.6128163728204626,95,0.43907014810642203,0.2996830541818593
combined_softsort_a07,9,0.4237987326834639,0.595031630139754,671,0.7670670330563248,0.7973680984772106,111,0.39105788611790593,0.5939126843353839,869,0.7105321876769092,0.5919472472496448,143,0.10904584766641698,0.11023822460205945,972,0.1778306776272729,0.1910848474952755,462,0.22124937652980564,0.25249631931613903,1247,0.30384695045750615,0.31022420095528996,214,0.1307408955407828,0.10556589381094433,1357,0.10062020561675727,0.13874392227255866,236,0.46531443636576675,0.6768262234549446,633,0.7255768754233085,0.7153232770409408,125,0.3720267241415132,0.6061050135182888,717,0.5062847053691812,0.6153406179226613,288,0.38076398328986905,0.44351466691664376,575,0.5581709781249533,0.7032773399109071,98,0.48040595715164164,0.5243374870058275,575,0.6438372497232873,0.6432768509542038,220,0.17373592089610448,0.22912263695886798,1344,0.4484641074200519,0.38382770095896696,263,0.4835979153163785,0.5905278432887865,432,0.7168426475944748,0.7537153757339163,64,0.14447831863516114,0.21179072960535894,1364,0.580091059960853,0.5079099996916955,76,0.1960940417673579,0.19677367609485497,1360,0.24154027426673608,0.2547215833115845,523,0.4168434761199173,0.6873724242661111,1025,0.7424865686682807,0.7956309236861929,180,0.15912264282454958,0.3799401996910159,672,0.5233992656549317,0.6059048468697761,95,0.43920342847999216,0.3032184103364423
combined_spearman,9,0.3969318322127756,0.587331351215001,671,0.7360771738604223,0.7750455615842821,111,0.3686083031809272,0.5814527862071679,869,0.6797207734092872,0.5669637027163831,143,0.11950599493334338,0.11713235936696549,972,0.1910817419339919,0.20334857465658018,462,0.20748919489765527,0.23040727300994757,1247,0.29808089009014394,0.2859394178911893,214,0.13711509727823745,0.11815252299981259,1357,0.12886875073172055,0.14778352954750296,236,0.4239088245022176,0.6526689674770799,633,0.7041876674286375,0.7041014894532461,125,0.35861519641016526,0.6128225729804918,717,0.49995911995147807,0.6300846186186893,288,0.38281930088399246,0.4269986609236529,575,0.47162310426631227,0.6342641070734165,98,0.4528706281677556,0.484752285228324,575,0.5640312140410193,0.5909981568593476,220,0.21066326727622361,0.2635259567580235,1344,0.4865901288650212,0.4088899328203186,263,0.48991545823431937,0.5941211638766501,432,0.7173467724625205,0.7715717161647336,64,0.1671856407241091,0.21393215690689163,1364,0.6148481017057781,0.5154265759456435,76,0.16997306739926873,0.16607531014211013,1360,0.20390173039858436,0.22657985549710605,523,0.4113191582533482,0.6593579818655029,1025,0.7418466022504285,0.7949257324462711,180,0.16637237253664502,0.3847499331204139,672,0.5370523676513107,0.6543891199933977,95,0.4234379360427031,0.2975528891260656
combined_weighted_pl,9,0.3950429572013111,0.5819635175970896,671,0.7641751727886812,0.7926025973590283,111,0.38024562429109665,0.5797424115111556,869,0.6764288591692775,0.5803097762137382,143,0.15689579895131756,0.1478225207354452,972,0.25186782166578736,0.2316010112194035,462,0.23650504581382015,0.27017257112422716,1247,0.4140799172129709,0.3490536593406931,214,0.13913923857059338,0.10147813184486498,1357,0.06289932683570312,0.12732548588063744,236,0.43898343774200776,0.6792060550668774,633,0.7003314030940143,0.7149609062291372,125,0.3856703364898178,0.6134559381577098,717,0.5057564638517515,0.6231923454848101,288,0.3489115797100827,0.43212087952757955,575,0.43606151194997544,0.64516274354067,98,0.43192570242064715,0.4811044033747719,575,0.5316901026595685,0.5954258561524814,220,0.19016689828801742,0.2782984676605079,1344,0.44528056021417334,0.41726763656552396,263,0.49813410843420725,0.5851325084896859,432,0.6790103677243065,0.7166125947663495,64,0.16548126738189858,0.24036354065565654,1364,0.6187738281838551,0.5404233872331303,76,0.18054789271608968,0.1830041612122607,1360,0.22316518150950151,0.23639822304894154,523,0.4072349548451927,0.626131339294707,1025,0.722605425433301,0.7733610881217942,180,0.20368342839264061,0.4062391415442657,672,0.5166182483473405,0.6319079122890626,95,0.43114953132812606,0.3039045514165827
mse_baseline,9,0.38397657516537886,0.5500279986170774,671,0.7312105986907458,0.7551204709008804,111,0.3919973431092912,0.5854500083288376,869,0.6972742288299875,0.576122272895844,143,0.1134376550050664,0.10263722356091777,972,0.17631775844076641,0.1954854097593494,462,0.22651934701173024,0.22952324815120323,1247,0.32939163267753185,0.29080239327725993,214,0.10397103694097291,0.09311061761450959,1357,0.07937193831931957,0.136862588934724,236,0.47610312574769065,0.6858138938299412,633,0.7144597723454864,0.7190121996641449,125,0.3792551139101418,0.6223528685456934,717,0.5383193005588471,0.6435212167995734,288,0.3544131134366842,0.43380748283079007,575,0.549645633149708,0.6393001506941542,98,0.4423112870768286,0.5062654782366098,575,0.5989081760125716,0.605411308498284,220,0.18880064721022274,0.2219258147516715,1344,0.4635774608100075,0.37519951556683034,263,0.46456406047896087,0.5770255182492077,432,0.7193632719347041,0.727963093384758,64,0.16447871967274774,0.18023900066446716,1364,0.5498752767201841,0.41960458721607874,76,0.16810404318507288,0.18310924493738612,1360,0.21775479392137212,0.2413562154842391,523,0.430411497235857,0.6642781756317144,1025,0.7439177475866605,0.8050461186314953,180,0.20047666065161368,0.43114041408620696,672,0.5490382360534681,0.659825904455658,95,0.44076900664294993,0.29925468172255065
pure_pl,9,0.3832472471202518,0.596683745313281,671,0.7334354441470362,0.7629177587696592,111,0.3557675331829129,0.54423275604673,869,0.6440720512465885,0.5375106951135781,143,0.09881310371226182,0.11172421495370632,972,0.1339592461508921,0.18440449317942045,462,0.24146580617470098,0.2925024352392768,1247,0.4318042614259934,0.3969244784817626,214,0.08394969288876707,0.055932422698679554,1357,0.005920607996314659,0.07627975312321779,236,0.44162174290212486,0.6494292962422895,633,0.7310248090211467,0.7005272152599266,125,0.3771098901020702,0.5967246179426138,717,0.5079375009871968,0.5993621493297892,288,0.4091293863671634,0.4998478635863693,575,0.6295045863808006,0.7571814878782825,98,0.5232256028429046,0.5824144416429418,575,0.7147565378931322,0.7204610781178609,220,0.18486178439773412,0.24441840599857984,1344,0.4570978584080746,0.401502131152861,263,0.5396390736795511,0.6017393815877747,432,0.6949819601346682,0.7202362071375061,64,0.16078747119769693,0.24539193386763808,1364,0.610142701327874,0.5363717524066975,76,0.1729607256290995,0.17271095440570933,1360,0.22038425915039556,0.23746944657947766,523,0.3871508324586055,0.5999328521778863,1025,0.7343223668585429,0.7813382608887779,180,0.21516017192125167,0.4594797157604849,672,0.5774092278879142,0.6636994612005028,95,0.4310447955557986,0.30499267097180643
pure_ranknet,9,0.38668580020548554,0.5954679935570439,671,0.7885870372331453,0.794456477745828,111,0.3512048235420632,0.5182215337722519,869,0.650834431184763,0.5545060937232476,143,0.13022597475967287,0.1305875831784174,972,0.1694529728188844,0.20319287084881138,462,0.2394229613184192,0.26154302947646657,1247,0.3166067393494526,0.32160755554420284,214,0.1444608009554878,0.10952988911615569,1357,0.1379859118308338,0.14885604850681058,236,0.4548690836907622,0.6470608598561621,633,0.7225563910879025,0.7165805104912372,125,0.39018090224144003,0.6297779989602561,717,0.5455245349513664,0.6433378077317127,288,0.45159841602421563,0.5341096690216038,575,0.6099606953193746,0.751785498889961,98,0.5693866431665892,0.620295873262833,575,0.7508681773408875,0.7492898747221953,220,0.17548734498925198,0.24899560738238752,1344,0.44136521616897056,0.387907877245219,263,0.5024827936246725,0.5977619058616306,432,0.7398032438572906,0.7546810072066703,64,0.15653823248631857,0.24932939071339522,1364,0.6145882104058357,0.5573566000277212,76,0.17557279038486304,0.17335731435510826,1360,0.2274517831972429,0.23985115893938538,523,0.42698104029737416,0.6504086795022597,1025,0.7447161622816015,0.7916553294077366,180,0.18699132808403457,0.40321992049416305,672,0.5300051533832977,0.6408193190299488,95,0.43388443528871806,0.31613926238471
